<?xml version="1.0" encoding="UTF-8"?>
<project-private xmlns="http://www.netbeans.org/ns/project-private/1">
    <editor-bookmarks xmlns="http://www.netbeans.org/ns/editor-bookmarks/2" lastBookmarkId="0"/>
    <open-files xmlns="http://www.netbeans.org/ns/projectui-open-files/2">
        <group>
            <file>file:/C:/Users/dlampl/Documents/NetBeansProjects/JavaApplication11/src/javaapplication11/Theme.java</file>
            <file>file:/C:/Users/dlampl/Documents/NetBeansProjects/JavaApplication11/src/javaapplication11/GUI.java</file>
            <file>file:/C:/Users/dlampl/Documents/NetBeansProjects/JavaApplication11/src/javaapplication11/Checkers.java</file>
            <file>file:/C:/Users/dlampl/Documents/NetBeansProjects/JavaApplication11/src/javaapplication11/NewJPanel.java</file>
            <file>file:/C:/Users/dlampl/Documents/NetBeansProjects/JavaApplication11/src/javaapplication11/JavaApplication11.java</file>
            <file>file:/C:/Users/dlampl/Documents/NetBeansProjects/JavaApplication11/src/javaapplication11/Board.java</file>
            <file>file:/C:/Users/dlampl/Documents/NetBeansProjects/JavaApplication11/src/javaapplication11/Piece.java</file>
        </group>
    </open-files>
</project-private>
